Lower layer Super Output Areas Code,Lower layer Super Output Areas,Household deprivation (6 categories) Code,Household deprivation (6 categories),Observation
E01016849,Brighton and Hove 026A,-8,Does not apply,0
E01016849,Brighton and Hove 026A,1,Household is not deprived in any dimension,444
E01016849,Brighton and Hove 026A,2,Household is deprived in one dimension,254
E01016849,Brighton and Hove 026A,3,Household is deprived in two dimensions,105
E01016849,Brighton and Hove 026A,4,Household is deprived in three dimensions,16
E01016849,Brighton and Hove 026A,5,Household is deprived in four dimensions,7
E01016850,Brighton and Hove 029A,-8,Does not apply,0
E01016850,Brighton and Hove 029A,1,Household is not deprived in any dimension,451
E01016850,Brighton and Hove 029A,2,Household is deprived in one dimension,279
E01016850,Brighton and Hove 029A,3,Household is deprived in two dimensions,112
E01016850,Brighton and Hove 029A,4,Household is deprived in three dimensions,21
E01016850,Brighton and Hove 029A,5,Household is deprived in four dimensions,9
E01016851,Brighton and Hove 029B,-8,Does not apply,0
E01016851,Brighton and Hove 029B,1,Household is not deprived in any dimension,505
E01016851,Brighton and Hove 029B,2,Household is deprived in one dimension,357
E01016851,Brighton and Hove 029B,3,Household is deprived in two dimensions,137
E01016851,Brighton and Hove 029B,4,Household is deprived in three dimensions,25
E01016851,Brighton and Hove 029B,5,Household is deprived in four dimensions,5
E01016852,Brighton and Hove 026B,-8,Does not apply,0
E01016852,Brighton and Hove 026B,1,Household is not deprived in any dimension,416
E01016852,Brighton and Hove 026B,2,Household is deprived in one dimension,322
E01016852,Brighton and Hove 026B,3,Household is deprived in two dimensions,141
E01016852,Brighton and Hove 026B,4,Household is deprived in three dimensions,32
E01016852,Brighton and Hove 026B,5,Household is deprived in four dimensions,9
E01016853,Brighton and Hove 026C,-8,Does not apply,0
E01016853,Brighton and Hove 026C,1,Household is not deprived in any dimension,519
E01016853,Brighton and Hove 026C,2,Household is deprived in one dimension,392
E01016853,Brighton and Hove 026C,3,Household is deprived in two dimensions,114
E01016853,Brighton and Hove 026C,4,Household is deprived in three dimensions,38
E01016853,Brighton and Hove 026C,5,Household is deprived in four dimensions,2
E01016854,Brighton and Hove 029C,-8,Does not apply,0
E01016854,Brighton and Hove 029C,1,Household is not deprived in any dimension,443
E01016854,Brighton and Hove 029C,2,Household is deprived in one dimension,365
E01016854,Brighton and Hove 029C,3,Household is deprived in two dimensions,144
E01016854,Brighton and Hove 029C,4,Household is deprived in three dimensions,34
E01016854,Brighton and Hove 029C,5,Household is deprived in four dimensions,6
E01016855,Brighton and Hove 026D,-8,Does not apply,0
E01016855,Brighton and Hove 026D,1,Household is not deprived in any dimension,442
E01016855,Brighton and Hove 026D,2,Household is deprived in one dimension,352
E01016855,Brighton and Hove 026D,3,Household is deprived in two dimensions,127
E01016855,Brighton and Hove 026D,4,Household is deprived in three dimensions,38
E01016855,Brighton and Hove 026D,5,Household is deprived in four dimensions,3
E01016856,Brighton and Hove 026E,-8,Does not apply,0
E01016856,Brighton and Hove 026E,1,Household is not deprived in any dimension,399
E01016856,Brighton and Hove 026E,2,Household is deprived in one dimension,344
E01016856,Brighton and Hove 026E,3,Household is deprived in two dimensions,148
E01016856,Brighton and Hove 026E,4,Household is deprived in three dimensions,38
E01016856,Brighton and Hove 026E,5,Household is deprived in four dimensions,1
E01016857,Brighton and Hove 028A,-8,Does not apply,0
E01016857,Brighton and Hove 028A,1,Household is not deprived in any dimension,407
E01016857,Brighton and Hove 028A,2,Household is deprived in one dimension,283
E01016857,Brighton and Hove 028A,3,Household is deprived in two dimensions,108
E01016857,Brighton and Hove 028A,4,Household is deprived in three dimensions,35
E01016857,Brighton and Hove 028A,5,Household is deprived in four dimensions,2
E01016858,Brighton and Hove 028B,-8,Does not apply,0
E01016858,Brighton and Hove 028B,1,Household is not deprived in any dimension,417
E01016858,Brighton and Hove 028B,2,Household is deprived in one dimension,290
E01016858,Brighton and Hove 028B,3,Household is deprived in two dimensions,112
E01016858,Brighton and Hove 028B,4,Household is deprived in three dimensions,37
E01016858,Brighton and Hove 028B,5,Household is deprived in four dimensions,12
E01016859,Brighton and Hove 028C,-8,Does not apply,0
E01016859,Brighton and Hove 028C,1,Household is not deprived in any dimension,439
E01016859,Brighton and Hove 028C,2,Household is deprived in one dimension,297
E01016859,Brighton and Hove 028C,3,Household is deprived in two dimensions,84
E01016859,Brighton and Hove 028C,4,Household is deprived in three dimensions,17
E01016859,Brighton and Hove 028C,5,Household is deprived in four dimensions,6
E01016860,Brighton and Hove 019A,-8,Does not apply,0
E01016860,Brighton and Hove 019A,1,Household is not deprived in any dimension,410
E01016860,Brighton and Hove 019A,2,Household is deprived in one dimension,282
E01016860,Brighton and Hove 019A,3,Household is deprived in two dimensions,119
E01016860,Brighton and Hove 019A,4,Household is deprived in three dimensions,46
E01016860,Brighton and Hove 019A,5,Household is deprived in four dimensions,9
E01016861,Brighton and Hove 031A,-8,Does not apply,0
E01016861,Brighton and Hove 031A,1,Household is not deprived in any dimension,510
E01016861,Brighton and Hove 031A,2,Household is deprived in one dimension,290
E01016861,Brighton and Hove 031A,3,Household is deprived in two dimensions,82
E01016861,Brighton and Hove 031A,4,Household is deprived in three dimensions,25
E01016861,Brighton and Hove 031A,5,Household is deprived in four dimensions,4
E01016862,Brighton and Hove 031B,-8,Does not apply,0
E01016862,Brighton and Hove 031B,1,Household is not deprived in any dimension,437
E01016862,Brighton and Hove 031B,2,Household is deprived in one dimension,260
E01016862,Brighton and Hove 031B,3,Household is deprived in two dimensions,97
E01016862,Brighton and Hove 031B,4,Household is deprived in three dimensions,27
E01016862,Brighton and Hove 031B,5,Household is deprived in four dimensions,2
E01016863,Brighton and Hove 032A,-8,Does not apply,0
E01016863,Brighton and Hove 032A,1,Household is not deprived in any dimension,292
E01016863,Brighton and Hove 032A,2,Household is deprived in one dimension,315
E01016863,Brighton and Hove 032A,3,Household is deprived in two dimensions,183
E01016863,Brighton and Hove 032A,4,Household is deprived in three dimensions,90
E01016863,Brighton and Hove 032A,5,Household is deprived in four dimensions,9
E01016864,Brighton and Hove 025A,-8,Does not apply,0
E01016864,Brighton and Hove 025A,1,Household is not deprived in any dimension,181
E01016864,Brighton and Hove 025A,2,Household is deprived in one dimension,203
E01016864,Brighton and Hove 025A,3,Household is deprived in two dimensions,143
E01016864,Brighton and Hove 025A,4,Household is deprived in three dimensions,41
E01016864,Brighton and Hove 025A,5,Household is deprived in four dimensions,2
E01016865,Brighton and Hove 025B,-8,Does not apply,0
E01016865,Brighton and Hove 025B,1,Household is not deprived in any dimension,136
E01016865,Brighton and Hove 025B,2,Household is deprived in one dimension,179
E01016865,Brighton and Hove 025B,3,Household is deprived in two dimensions,172
E01016865,Brighton and Hove 025B,4,Household is deprived in three dimensions,77
E01016865,Brighton and Hove 025B,5,Household is deprived in four dimensions,4
E01016866,Brighton and Hove 025C,-8,Does not apply,0
E01016866,Brighton and Hove 025C,1,Household is not deprived in any dimension,136
E01016866,Brighton and Hove 025C,2,Household is deprived in one dimension,169
E01016866,Brighton and Hove 025C,3,Household is deprived in two dimensions,161
E01016866,Brighton and Hove 025C,4,Household is deprived in three dimensions,89
E01016866,Brighton and Hove 025C,5,Household is deprived in four dimensions,9
E01016867,Brighton and Hove 025D,-8,Does not apply,0
E01016867,Brighton and Hove 025D,1,Household is not deprived in any dimension,216
E01016867,Brighton and Hove 025D,2,Household is deprived in one dimension,215
E01016867,Brighton and Hove 025D,3,Household is deprived in two dimensions,139
E01016867,Brighton and Hove 025D,4,Household is deprived in three dimensions,67
E01016867,Brighton and Hove 025D,5,Household is deprived in four dimensions,5
E01016868,Brighton and Hove 025E,-8,Does not apply,0
E01016868,Brighton and Hove 025E,1,Household is not deprived in any dimension,157
E01016868,Brighton and Hove 025E,2,Household is deprived in one dimension,252
E01016868,Brighton and Hove 025E,3,Household is deprived in two dimensions,209
E01016868,Brighton and Hove 025E,4,Household is deprived in three dimensions,108
E01016868,Brighton and Hove 025E,5,Household is deprived in four dimensions,11
E01016869,Brighton and Hove 032B,-8,Does not apply,0
E01016869,Brighton and Hove 032B,1,Household is not deprived in any dimension,394
E01016869,Brighton and Hove 032B,2,Household is deprived in one dimension,284
E01016869,Brighton and Hove 032B,3,Household is deprived in two dimensions,135
E01016869,Brighton and Hove 032B,4,Household is deprived in three dimensions,44
E01016869,Brighton and Hove 032B,5,Household is deprived in four dimensions,7
E01016870,Brighton and Hove 020A,-8,Does not apply,0
E01016870,Brighton and Hove 020A,1,Household is not deprived in any dimension,407
E01016870,Brighton and Hove 020A,2,Household is deprived in one dimension,199
E01016870,Brighton and Hove 020A,3,Household is deprived in two dimensions,77
E01016870,Brighton and Hove 020A,4,Household is deprived in three dimensions,8
E01016870,Brighton and Hove 020A,5,Household is deprived in four dimensions,1
E01016871,Brighton and Hove 019B,-8,Does not apply,0
E01016871,Brighton and Hove 019B,1,Household is not deprived in any dimension,451
E01016871,Brighton and Hove 019B,2,Household is deprived in one dimension,337
E01016871,Brighton and Hove 019B,3,Household is deprived in two dimensions,144
E01016871,Brighton and Hove 019B,4,Household is deprived in three dimensions,47
E01016871,Brighton and Hove 019B,5,Household is deprived in four dimensions,4
E01016872,Brighton and Hove 019C,-8,Does not apply,0
E01016872,Brighton and Hove 019C,1,Household is not deprived in any dimension,502
E01016872,Brighton and Hove 019C,2,Household is deprived in one dimension,258
E01016872,Brighton and Hove 019C,3,Household is deprived in two dimensions,112
E01016872,Brighton and Hove 019C,4,Household is deprived in three dimensions,29
E01016872,Brighton and Hove 019C,5,Household is deprived in four dimensions,1
E01016873,Brighton and Hove 019D,-8,Does not apply,0
E01016873,Brighton and Hove 019D,1,Household is not deprived in any dimension,426
E01016873,Brighton and Hove 019D,2,Household is deprived in one dimension,317
E01016873,Brighton and Hove 019D,3,Household is deprived in two dimensions,166
E01016873,Brighton and Hove 019D,4,Household is deprived in three dimensions,59
E01016873,Brighton and Hove 019D,5,Household is deprived in four dimensions,7
E01016874,Brighton and Hove 020B,-8,Does not apply,0
E01016874,Brighton and Hove 020B,1,Household is not deprived in any dimension,500
E01016874,Brighton and Hove 020B,2,Household is deprived in one dimension,363
E01016874,Brighton and Hove 020B,3,Household is deprived in two dimensions,137
E01016874,Brighton and Hove 020B,4,Household is deprived in three dimensions,26
E01016874,Brighton and Hove 020B,5,Household is deprived in four dimensions,6
E01016875,Brighton and Hove 020C,-8,Does not apply,0
E01016875,Brighton and Hove 020C,1,Household is not deprived in any dimension,375
E01016875,Brighton and Hove 020C,2,Household is deprived in one dimension,188
E01016875,Brighton and Hove 020C,3,Household is deprived in two dimensions,50
E01016875,Brighton and Hove 020C,4,Household is deprived in three dimensions,6
E01016875,Brighton and Hove 020C,5,Household is deprived in four dimensions,1
E01016876,Brighton and Hove 020D,-8,Does not apply,0
E01016876,Brighton and Hove 020D,1,Household is not deprived in any dimension,490
E01016876,Brighton and Hove 020D,2,Household is deprived in one dimension,262
E01016876,Brighton and Hove 020D,3,Household is deprived in two dimensions,92
E01016876,Brighton and Hove 020D,4,Household is deprived in three dimensions,16
E01016876,Brighton and Hove 020D,5,Household is deprived in four dimensions,2
E01016877,Brighton and Hove 020E,-8,Does not apply,0
E01016877,Brighton and Hove 020E,1,Household is not deprived in any dimension,486
E01016877,Brighton and Hove 020E,2,Household is deprived in one dimension,292
E01016877,Brighton and Hove 020E,3,Household is deprived in two dimensions,107
E01016877,Brighton and Hove 020E,4,Household is deprived in three dimensions,42
E01016877,Brighton and Hove 020E,5,Household is deprived in four dimensions,2
E01016878,Brighton and Hove 019E,-8,Does not apply,0
E01016878,Brighton and Hove 019E,1,Household is not deprived in any dimension,485
E01016878,Brighton and Hove 019E,2,Household is deprived in one dimension,260
E01016878,Brighton and Hove 019E,3,Household is deprived in two dimensions,101
E01016878,Brighton and Hove 019E,4,Household is deprived in three dimensions,27
E01016878,Brighton and Hove 019E,5,Household is deprived in four dimensions,3
E01016879,Brighton and Hove 013A,-8,Does not apply,0
E01016879,Brighton and Hove 013A,1,Household is not deprived in any dimension,267
E01016879,Brighton and Hove 013A,2,Household is deprived in one dimension,188
E01016879,Brighton and Hove 013A,3,Household is deprived in two dimensions,89
E01016879,Brighton and Hove 013A,4,Household is deprived in three dimensions,15
E01016879,Brighton and Hove 013A,5,Household is deprived in four dimensions,0
E01016880,Brighton and Hove 013B,-8,Does not apply,0
E01016880,Brighton and Hove 013B,1,Household is not deprived in any dimension,138
E01016880,Brighton and Hove 013B,2,Household is deprived in one dimension,161
E01016880,Brighton and Hove 013B,3,Household is deprived in two dimensions,136
E01016880,Brighton and Hove 013B,4,Household is deprived in three dimensions,52
E01016880,Brighton and Hove 013B,5,Household is deprived in four dimensions,2
E01016881,Brighton and Hove 013C,-8,Does not apply,0
E01016881,Brighton and Hove 013C,1,Household is not deprived in any dimension,251
E01016881,Brighton and Hove 013C,2,Household is deprived in one dimension,200
E01016881,Brighton and Hove 013C,3,Household is deprived in two dimensions,128
E01016881,Brighton and Hove 013C,4,Household is deprived in three dimensions,32
E01016881,Brighton and Hove 013C,5,Household is deprived in four dimensions,4
E01016882,Brighton and Hove 006A,-8,Does not apply,0
E01016882,Brighton and Hove 006A,1,Household is not deprived in any dimension,247
E01016882,Brighton and Hove 006A,2,Household is deprived in one dimension,213
E01016882,Brighton and Hove 006A,3,Household is deprived in two dimensions,121
E01016882,Brighton and Hove 006A,4,Household is deprived in three dimensions,40
E01016882,Brighton and Hove 006A,5,Household is deprived in four dimensions,3
E01016883,Brighton and Hove 006B,-8,Does not apply,0
E01016883,Brighton and Hove 006B,1,Household is not deprived in any dimension,326
E01016883,Brighton and Hove 006B,2,Household is deprived in one dimension,228
E01016883,Brighton and Hove 006B,3,Household is deprived in two dimensions,85
E01016883,Brighton and Hove 006B,4,Household is deprived in three dimensions,11
E01016883,Brighton and Hove 006B,5,Household is deprived in four dimensions,0
E01016884,Brighton and Hove 006C,-8,Does not apply,0
E01016884,Brighton and Hove 006C,1,Household is not deprived in any dimension,283
E01016884,Brighton and Hove 006C,2,Household is deprived in one dimension,215
E01016884,Brighton and Hove 006C,3,Household is deprived in two dimensions,101
E01016884,Brighton and Hove 006C,4,Household is deprived in three dimensions,25
E01016884,Brighton and Hove 006C,5,Household is deprived in four dimensions,3
E01016885,Brighton and Hove 006D,-8,Does not apply,0
E01016885,Brighton and Hove 006D,1,Household is not deprived in any dimension,182
E01016885,Brighton and Hove 006D,2,Household is deprived in one dimension,195
E01016885,Brighton and Hove 006D,3,Household is deprived in two dimensions,157
E01016885,Brighton and Hove 006D,4,Household is deprived in three dimensions,73
E01016885,Brighton and Hove 006D,5,Household is deprived in four dimensions,3
E01016886,Brighton and Hove 006E,-8,Does not apply,0
E01016886,Brighton and Hove 006E,1,Household is not deprived in any dimension,293
E01016886,Brighton and Hove 006E,2,Household is deprived in one dimension,202
E01016886,Brighton and Hove 006E,3,Household is deprived in two dimensions,93
E01016886,Brighton and Hove 006E,4,Household is deprived in three dimensions,31
E01016886,Brighton and Hove 006E,5,Household is deprived in four dimensions,1
E01016887,Brighton and Hove 013D,-8,Does not apply,0
E01016887,Brighton and Hove 013D,1,Household is not deprived in any dimension,293
E01016887,Brighton and Hove 013D,2,Household is deprived in one dimension,230
E01016887,Brighton and Hove 013D,3,Household is deprived in two dimensions,67
E01016887,Brighton and Hove 013D,4,Household is deprived in three dimensions,18
E01016887,Brighton and Hove 013D,5,Household is deprived in four dimensions,0
E01016888,Brighton and Hove 013E,-8,Does not apply,0
E01016888,Brighton and Hove 013E,1,Household is not deprived in any dimension,321
E01016888,Brighton and Hove 013E,2,Household is deprived in one dimension,196
E01016888,Brighton and Hove 013E,3,Household is deprived in two dimensions,54
E01016888,Brighton and Hove 013E,4,Household is deprived in three dimensions,5
E01016888,Brighton and Hove 013E,5,Household is deprived in four dimensions,0
E01016889,Brighton and Hove 022A,-8,Does not apply,0
E01016889,Brighton and Hove 022A,1,Household is not deprived in any dimension,370
E01016889,Brighton and Hove 022A,2,Household is deprived in one dimension,241
E01016889,Brighton and Hove 022A,3,Household is deprived in two dimensions,97
E01016889,Brighton and Hove 022A,4,Household is deprived in three dimensions,22
E01016889,Brighton and Hove 022A,5,Household is deprived in four dimensions,3
E01016890,Brighton and Hove 015A,-8,Does not apply,0
E01016890,Brighton and Hove 015A,1,Household is not deprived in any dimension,345
E01016890,Brighton and Hove 015A,2,Household is deprived in one dimension,315
E01016890,Brighton and Hove 015A,3,Household is deprived in two dimensions,136
E01016890,Brighton and Hove 015A,4,Household is deprived in three dimensions,36
E01016890,Brighton and Hove 015A,5,Household is deprived in four dimensions,5
E01016891,Brighton and Hove 022B,-8,Does not apply,0
E01016891,Brighton and Hove 022B,1,Household is not deprived in any dimension,334
E01016891,Brighton and Hove 022B,2,Household is deprived in one dimension,302
E01016891,Brighton and Hove 022B,3,Household is deprived in two dimensions,143
E01016891,Brighton and Hove 022B,4,Household is deprived in three dimensions,51
E01016891,Brighton and Hove 022B,5,Household is deprived in four dimensions,3
E01016892,Brighton and Hove 018A,-8,Does not apply,0
E01016892,Brighton and Hove 018A,1,Household is not deprived in any dimension,331
E01016892,Brighton and Hove 018A,2,Household is deprived in one dimension,195
E01016892,Brighton and Hove 018A,3,Household is deprived in two dimensions,85
E01016892,Brighton and Hove 018A,4,Household is deprived in three dimensions,10
E01016892,Brighton and Hove 018A,5,Household is deprived in four dimensions,0
E01016893,Brighton and Hove 018B,-8,Does not apply,0
E01016893,Brighton and Hove 018B,1,Household is not deprived in any dimension,453
E01016893,Brighton and Hove 018B,2,Household is deprived in one dimension,217
E01016893,Brighton and Hove 018B,3,Household is deprived in two dimensions,79
E01016893,Brighton and Hove 018B,4,Household is deprived in three dimensions,11
E01016893,Brighton and Hove 018B,5,Household is deprived in four dimensions,0
E01016894,Brighton and Hove 022C,-8,Does not apply,0
E01016894,Brighton and Hove 022C,1,Household is not deprived in any dimension,350
E01016894,Brighton and Hove 022C,2,Household is deprived in one dimension,221
E01016894,Brighton and Hove 022C,3,Household is deprived in two dimensions,118
E01016894,Brighton and Hove 022C,4,Household is deprived in three dimensions,21
E01016894,Brighton and Hove 022C,5,Household is deprived in four dimensions,5
E01016895,Brighton and Hove 025F,-8,Does not apply,0
E01016895,Brighton and Hove 025F,1,Household is not deprived in any dimension,210
E01016895,Brighton and Hove 025F,2,Household is deprived in one dimension,210
E01016895,Brighton and Hove 025F,3,Household is deprived in two dimensions,144
E01016895,Brighton and Hove 025F,4,Household is deprived in three dimensions,54
E01016895,Brighton and Hove 025F,5,Household is deprived in four dimensions,5
E01016896,Brighton and Hove 022D,-8,Does not apply,0
E01016896,Brighton and Hove 022D,1,Household is not deprived in any dimension,409
E01016896,Brighton and Hove 022D,2,Household is deprived in one dimension,198
E01016896,Brighton and Hove 022D,3,Household is deprived in two dimensions,73
E01016896,Brighton and Hove 022D,4,Household is deprived in three dimensions,15
E01016896,Brighton and Hove 022D,5,Household is deprived in four dimensions,2
E01016897,Brighton and Hove 022E,-8,Does not apply,0
E01016897,Brighton and Hove 022E,1,Household is not deprived in any dimension,391
E01016897,Brighton and Hove 022E,2,Household is deprived in one dimension,232
E01016897,Brighton and Hove 022E,3,Household is deprived in two dimensions,101
E01016897,Brighton and Hove 022E,4,Household is deprived in three dimensions,22
E01016897,Brighton and Hove 022E,5,Household is deprived in four dimensions,2
E01016898,Brighton and Hove 002A,-8,Does not apply,0
E01016898,Brighton and Hove 002A,1,Household is not deprived in any dimension,264
E01016898,Brighton and Hove 002A,2,Household is deprived in one dimension,277
E01016898,Brighton and Hove 002A,3,Household is deprived in two dimensions,152
E01016898,Brighton and Hove 002A,4,Household is deprived in three dimensions,33
E01016898,Brighton and Hove 002A,5,Household is deprived in four dimensions,5
E01016899,Brighton and Hove 002B,-8,Does not apply,0
E01016899,Brighton and Hove 002B,1,Household is not deprived in any dimension,162
E01016899,Brighton and Hove 002B,2,Household is deprived in one dimension,143
E01016899,Brighton and Hove 002B,3,Household is deprived in two dimensions,76
E01016899,Brighton and Hove 002B,4,Household is deprived in three dimensions,23
E01016899,Brighton and Hove 002B,5,Household is deprived in four dimensions,4
E01016900,Brighton and Hove 008A,-8,Does not apply,0
E01016900,Brighton and Hove 008A,1,Household is not deprived in any dimension,195
E01016900,Brighton and Hove 008A,2,Household is deprived in one dimension,247
E01016900,Brighton and Hove 008A,3,Household is deprived in two dimensions,193
E01016900,Brighton and Hove 008A,4,Household is deprived in three dimensions,101
E01016900,Brighton and Hove 008A,5,Household is deprived in four dimensions,7
E01016901,Brighton and Hove 010A,-8,Does not apply,0
E01016901,Brighton and Hove 010A,1,Household is not deprived in any dimension,339
E01016901,Brighton and Hove 010A,2,Household is deprived in one dimension,195
E01016901,Brighton and Hove 010A,3,Household is deprived in two dimensions,59
E01016901,Brighton and Hove 010A,4,Household is deprived in three dimensions,9
E01016901,Brighton and Hove 010A,5,Household is deprived in four dimensions,0
E01016902,Brighton and Hove 008B,-8,Does not apply,0
E01016902,Brighton and Hove 008B,1,Household is not deprived in any dimension,264
E01016902,Brighton and Hove 008B,2,Household is deprived in one dimension,210
E01016902,Brighton and Hove 008B,3,Household is deprived in two dimensions,88
E01016902,Brighton and Hove 008B,4,Household is deprived in three dimensions,30
E01016902,Brighton and Hove 008B,5,Household is deprived in four dimensions,2
E01016903,Brighton and Hove 010B,-8,Does not apply,0
E01016903,Brighton and Hove 010B,1,Household is not deprived in any dimension,367
E01016903,Brighton and Hove 010B,2,Household is deprived in one dimension,206
E01016903,Brighton and Hove 010B,3,Household is deprived in two dimensions,68
E01016903,Brighton and Hove 010B,4,Household is deprived in three dimensions,12
E01016903,Brighton and Hove 010B,5,Household is deprived in four dimensions,1
E01016904,Brighton and Hove 008C,-8,Does not apply,0
E01016904,Brighton and Hove 008C,1,Household is not deprived in any dimension,194
E01016904,Brighton and Hove 008C,2,Household is deprived in one dimension,212
E01016904,Brighton and Hove 008C,3,Household is deprived in two dimensions,184
E01016904,Brighton and Hove 008C,4,Household is deprived in three dimensions,82
E01016904,Brighton and Hove 008C,5,Household is deprived in four dimensions,11
E01016905,Brighton and Hove 008D,-8,Does not apply,0
E01016905,Brighton and Hove 008D,1,Household is not deprived in any dimension,263
E01016905,Brighton and Hove 008D,2,Household is deprived in one dimension,274
E01016905,Brighton and Hove 008D,3,Household is deprived in two dimensions,170
E01016905,Brighton and Hove 008D,4,Household is deprived in three dimensions,80
E01016905,Brighton and Hove 008D,5,Household is deprived in four dimensions,10
E01016906,Brighton and Hove 009A,-8,Does not apply,0
E01016906,Brighton and Hove 009A,1,Household is not deprived in any dimension,178
E01016906,Brighton and Hove 009A,2,Household is deprived in one dimension,208
E01016906,Brighton and Hove 009A,3,Household is deprived in two dimensions,163
E01016906,Brighton and Hove 009A,4,Household is deprived in three dimensions,40
E01016906,Brighton and Hove 009A,5,Household is deprived in four dimensions,1
E01016907,Brighton and Hove 009B,-8,Does not apply,0
E01016907,Brighton and Hove 009B,1,Household is not deprived in any dimension,169
E01016907,Brighton and Hove 009B,2,Household is deprived in one dimension,240
E01016907,Brighton and Hove 009B,3,Household is deprived in two dimensions,129
E01016907,Brighton and Hove 009B,4,Household is deprived in three dimensions,38
E01016907,Brighton and Hove 009B,5,Household is deprived in four dimensions,3
E01016908,Brighton and Hove 009C,-8,Does not apply,0
E01016908,Brighton and Hove 009C,1,Household is not deprived in any dimension,145
E01016908,Brighton and Hove 009C,2,Household is deprived in one dimension,208
E01016908,Brighton and Hove 009C,3,Household is deprived in two dimensions,145
E01016908,Brighton and Hove 009C,4,Household is deprived in three dimensions,66
E01016908,Brighton and Hove 009C,5,Household is deprived in four dimensions,5
E01016909,Brighton and Hove 008E,-8,Does not apply,0
E01016909,Brighton and Hove 008E,1,Household is not deprived in any dimension,228
E01016909,Brighton and Hove 008E,2,Household is deprived in one dimension,221
E01016909,Brighton and Hove 008E,3,Household is deprived in two dimensions,132
E01016909,Brighton and Hove 008E,4,Household is deprived in three dimensions,38
E01016909,Brighton and Hove 008E,5,Household is deprived in four dimensions,1
E01016910,Brighton and Hove 009D,-8,Does not apply,0
E01016910,Brighton and Hove 009D,1,Household is not deprived in any dimension,167
E01016910,Brighton and Hove 009D,2,Household is deprived in one dimension,175
E01016910,Brighton and Hove 009D,3,Household is deprived in two dimensions,116
E01016910,Brighton and Hove 009D,4,Household is deprived in three dimensions,40
E01016910,Brighton and Hove 009D,5,Household is deprived in four dimensions,2
E01016911,Brighton and Hove 009E,-8,Does not apply,0
E01016911,Brighton and Hove 009E,1,Household is not deprived in any dimension,207
E01016911,Brighton and Hove 009E,2,Household is deprived in one dimension,200
E01016911,Brighton and Hove 009E,3,Household is deprived in two dimensions,92
E01016911,Brighton and Hove 009E,4,Household is deprived in three dimensions,23
E01016911,Brighton and Hove 009E,5,Household is deprived in four dimensions,2
E01016912,Brighton and Hove 018C,-8,Does not apply,0
E01016912,Brighton and Hove 018C,1,Household is not deprived in any dimension,349
E01016912,Brighton and Hove 018C,2,Household is deprived in one dimension,278
E01016912,Brighton and Hove 018C,3,Household is deprived in two dimensions,114
E01016912,Brighton and Hove 018C,4,Household is deprived in three dimensions,23
E01016912,Brighton and Hove 018C,5,Household is deprived in four dimensions,0
E01016913,Brighton and Hove 018D,-8,Does not apply,0
E01016913,Brighton and Hove 018D,1,Household is not deprived in any dimension,326
E01016913,Brighton and Hove 018D,2,Household is deprived in one dimension,229
E01016913,Brighton and Hove 018D,3,Household is deprived in two dimensions,79
E01016913,Brighton and Hove 018D,4,Household is deprived in three dimensions,10
E01016913,Brighton and Hove 018D,5,Household is deprived in four dimensions,0
E01016914,Brighton and Hove 002C,-8,Does not apply,0
E01016914,Brighton and Hove 002C,1,Household is not deprived in any dimension,131
E01016914,Brighton and Hove 002C,2,Household is deprived in one dimension,147
E01016914,Brighton and Hove 002C,3,Household is deprived in two dimensions,135
E01016914,Brighton and Hove 002C,4,Household is deprived in three dimensions,54
E01016914,Brighton and Hove 002C,5,Household is deprived in four dimensions,5
E01016915,Brighton and Hove 002D,-8,Does not apply,0
E01016915,Brighton and Hove 002D,1,Household is not deprived in any dimension,121
E01016915,Brighton and Hove 002D,2,Household is deprived in one dimension,142
E01016915,Brighton and Hove 002D,3,Household is deprived in two dimensions,135
E01016915,Brighton and Hove 002D,4,Household is deprived in three dimensions,66
E01016915,Brighton and Hove 002D,5,Household is deprived in four dimensions,6
E01016916,Brighton and Hove 005A,-8,Does not apply,0
E01016916,Brighton and Hove 005A,1,Household is not deprived in any dimension,272
E01016916,Brighton and Hove 005A,2,Household is deprived in one dimension,234
E01016916,Brighton and Hove 005A,3,Household is deprived in two dimensions,86
E01016916,Brighton and Hove 005A,4,Household is deprived in three dimensions,11
E01016916,Brighton and Hove 005A,5,Household is deprived in four dimensions,0
E01016917,Brighton and Hove 005B,-8,Does not apply,0
E01016917,Brighton and Hove 005B,1,Household is not deprived in any dimension,283
E01016917,Brighton and Hove 005B,2,Household is deprived in one dimension,206
E01016917,Brighton and Hove 005B,3,Household is deprived in two dimensions,62
E01016917,Brighton and Hove 005B,4,Household is deprived in three dimensions,19
E01016917,Brighton and Hove 005B,5,Household is deprived in four dimensions,1
E01016918,Brighton and Hove 005C,-8,Does not apply,0
E01016918,Brighton and Hove 005C,1,Household is not deprived in any dimension,188
E01016918,Brighton and Hove 005C,2,Household is deprived in one dimension,212
E01016918,Brighton and Hove 005C,3,Household is deprived in two dimensions,138
E01016918,Brighton and Hove 005C,4,Household is deprived in three dimensions,58
E01016918,Brighton and Hove 005C,5,Household is deprived in four dimensions,3
E01016919,Brighton and Hove 005D,-8,Does not apply,0
E01016919,Brighton and Hove 005D,1,Household is not deprived in any dimension,230
E01016919,Brighton and Hove 005D,2,Household is deprived in one dimension,188
E01016919,Brighton and Hove 005D,3,Household is deprived in two dimensions,94
E01016919,Brighton and Hove 005D,4,Household is deprived in three dimensions,31
E01016919,Brighton and Hove 005D,5,Household is deprived in four dimensions,0
E01016920,Brighton and Hove 005E,-8,Does not apply,0
E01016920,Brighton and Hove 005E,1,Household is not deprived in any dimension,341
E01016920,Brighton and Hove 005E,2,Household is deprived in one dimension,199
E01016920,Brighton and Hove 005E,3,Household is deprived in two dimensions,76
E01016920,Brighton and Hove 005E,4,Household is deprived in three dimensions,12
E01016920,Brighton and Hove 005E,5,Household is deprived in four dimensions,0
E01016921,Brighton and Hove 012A,-8,Does not apply,0
E01016921,Brighton and Hove 012A,1,Household is not deprived in any dimension,288
E01016921,Brighton and Hove 012A,2,Household is deprived in one dimension,218
E01016921,Brighton and Hove 012A,3,Household is deprived in two dimensions,111
E01016921,Brighton and Hove 012A,4,Household is deprived in three dimensions,42
E01016921,Brighton and Hove 012A,5,Household is deprived in four dimensions,4
E01016922,Brighton and Hove 012B,-8,Does not apply,0
E01016922,Brighton and Hove 012B,1,Household is not deprived in any dimension,222
E01016922,Brighton and Hove 012B,2,Household is deprived in one dimension,175
E01016922,Brighton and Hove 012B,3,Household is deprived in two dimensions,97
E01016922,Brighton and Hove 012B,4,Household is deprived in three dimensions,25
E01016922,Brighton and Hove 012B,5,Household is deprived in four dimensions,0
E01016923,Brighton and Hove 003A,-8,Does not apply,0
E01016923,Brighton and Hove 003A,1,Household is not deprived in any dimension,337
E01016923,Brighton and Hove 003A,2,Household is deprived in one dimension,214
E01016923,Brighton and Hove 003A,3,Household is deprived in two dimensions,102
E01016923,Brighton and Hove 003A,4,Household is deprived in three dimensions,12
E01016923,Brighton and Hove 003A,5,Household is deprived in four dimensions,0
E01016924,Brighton and Hove 001A,-8,Does not apply,0
E01016924,Brighton and Hove 001A,1,Household is not deprived in any dimension,317
E01016924,Brighton and Hove 001A,2,Household is deprived in one dimension,194
E01016924,Brighton and Hove 001A,3,Household is deprived in two dimensions,52
E01016924,Brighton and Hove 001A,4,Household is deprived in three dimensions,10
E01016924,Brighton and Hove 001A,5,Household is deprived in four dimensions,0
E01016925,Brighton and Hove 004A,-8,Does not apply,0
E01016925,Brighton and Hove 004A,1,Household is not deprived in any dimension,266
E01016925,Brighton and Hove 004A,2,Household is deprived in one dimension,211
E01016925,Brighton and Hove 004A,3,Household is deprived in two dimensions,94
E01016925,Brighton and Hove 004A,4,Household is deprived in three dimensions,26
E01016925,Brighton and Hove 004A,5,Household is deprived in four dimensions,2
E01016926,Brighton and Hove 001B,-8,Does not apply,0
E01016926,Brighton and Hove 001B,1,Household is not deprived in any dimension,238
E01016926,Brighton and Hove 001B,2,Household is deprived in one dimension,215
E01016926,Brighton and Hove 001B,3,Household is deprived in two dimensions,111
E01016926,Brighton and Hove 001B,4,Household is deprived in three dimensions,36
E01016926,Brighton and Hove 001B,5,Household is deprived in four dimensions,4
E01016927,Brighton and Hove 001C,-8,Does not apply,0
E01016927,Brighton and Hove 001C,1,Household is not deprived in any dimension,307
E01016927,Brighton and Hove 001C,2,Household is deprived in one dimension,203
E01016927,Brighton and Hove 001C,3,Household is deprived in two dimensions,87
E01016927,Brighton and Hove 001C,4,Household is deprived in three dimensions,20
E01016927,Brighton and Hove 001C,5,Household is deprived in four dimensions,1
E01016928,Brighton and Hove 003B,-8,Does not apply,0
E01016928,Brighton and Hove 003B,1,Household is not deprived in any dimension,379
E01016928,Brighton and Hove 003B,2,Household is deprived in one dimension,211
E01016928,Brighton and Hove 003B,3,Household is deprived in two dimensions,65
E01016928,Brighton and Hove 003B,4,Household is deprived in three dimensions,16
E01016928,Brighton and Hove 003B,5,Household is deprived in four dimensions,2
E01016929,Brighton and Hove 001D,-8,Does not apply,0
E01016929,Brighton and Hove 001D,1,Household is not deprived in any dimension,328
E01016929,Brighton and Hove 001D,2,Household is deprived in one dimension,194
E01016929,Brighton and Hove 001D,3,Household is deprived in two dimensions,88
E01016929,Brighton and Hove 001D,4,Household is deprived in three dimensions,16
E01016929,Brighton and Hove 001D,5,Household is deprived in four dimensions,0
E01016930,Brighton and Hove 004B,-8,Does not apply,0
E01016930,Brighton and Hove 004B,1,Household is not deprived in any dimension,399
E01016930,Brighton and Hove 004B,2,Household is deprived in one dimension,270
E01016930,Brighton and Hove 004B,3,Household is deprived in two dimensions,80
E01016930,Brighton and Hove 004B,4,Household is deprived in three dimensions,6
E01016930,Brighton and Hove 004B,5,Household is deprived in four dimensions,0
E01016931,Brighton and Hove 001E,-8,Does not apply,0
E01016931,Brighton and Hove 001E,1,Household is not deprived in any dimension,336
E01016931,Brighton and Hove 001E,2,Household is deprived in one dimension,201
E01016931,Brighton and Hove 001E,3,Household is deprived in two dimensions,82
E01016931,Brighton and Hove 001E,4,Household is deprived in three dimensions,14
E01016931,Brighton and Hove 001E,5,Household is deprived in four dimensions,0
E01016932,Brighton and Hove 014A,-8,Does not apply,0
E01016932,Brighton and Hove 014A,1,Household is not deprived in any dimension,405
E01016932,Brighton and Hove 014A,2,Household is deprived in one dimension,198
E01016932,Brighton and Hove 014A,3,Household is deprived in two dimensions,75
E01016932,Brighton and Hove 014A,4,Household is deprived in three dimensions,13
E01016932,Brighton and Hove 014A,5,Household is deprived in four dimensions,3
E01016933,Brighton and Hove 014B,-8,Does not apply,0
E01016933,Brighton and Hove 014B,1,Household is not deprived in any dimension,354
E01016933,Brighton and Hove 014B,2,Household is deprived in one dimension,170
E01016933,Brighton and Hove 014B,3,Household is deprived in two dimensions,71
E01016933,Brighton and Hove 014B,4,Household is deprived in three dimensions,19
E01016933,Brighton and Hove 014B,5,Household is deprived in four dimensions,7
E01016934,Brighton and Hove 010C,-8,Does not apply,0
E01016934,Brighton and Hove 010C,1,Household is not deprived in any dimension,343
E01016934,Brighton and Hove 010C,2,Household is deprived in one dimension,129
E01016934,Brighton and Hove 010C,3,Household is deprived in two dimensions,30
E01016934,Brighton and Hove 010C,4,Household is deprived in three dimensions,5
E01016934,Brighton and Hove 010C,5,Household is deprived in four dimensions,1
E01016935,Brighton and Hove 014C,-8,Does not apply,0
E01016935,Brighton and Hove 014C,1,Household is not deprived in any dimension,413
E01016935,Brighton and Hove 014C,2,Household is deprived in one dimension,258
E01016935,Brighton and Hove 014C,3,Household is deprived in two dimensions,106
E01016935,Brighton and Hove 014C,4,Household is deprived in three dimensions,23
E01016935,Brighton and Hove 014C,5,Household is deprived in four dimensions,1
E01016936,Brighton and Hove 014D,-8,Does not apply,0
E01016936,Brighton and Hove 014D,1,Household is not deprived in any dimension,462
E01016936,Brighton and Hove 014D,2,Household is deprived in one dimension,224
E01016936,Brighton and Hove 014D,3,Household is deprived in two dimensions,62
E01016936,Brighton and Hove 014D,4,Household is deprived in three dimensions,12
E01016936,Brighton and Hove 014D,5,Household is deprived in four dimensions,0
E01016937,Brighton and Hove 014E,-8,Does not apply,0
E01016937,Brighton and Hove 014E,1,Household is not deprived in any dimension,501
E01016937,Brighton and Hove 014E,2,Household is deprived in one dimension,360
E01016937,Brighton and Hove 014E,3,Household is deprived in two dimensions,123
E01016937,Brighton and Hove 014E,4,Household is deprived in three dimensions,39
E01016937,Brighton and Hove 014E,5,Household is deprived in four dimensions,1
E01016938,Brighton and Hove 024A,-8,Does not apply,0
E01016938,Brighton and Hove 024A,1,Household is not deprived in any dimension,490
E01016938,Brighton and Hove 024A,2,Household is deprived in one dimension,313
E01016938,Brighton and Hove 024A,3,Household is deprived in two dimensions,101
E01016938,Brighton and Hove 024A,4,Household is deprived in three dimensions,17
E01016938,Brighton and Hove 024A,5,Household is deprived in four dimensions,4
E01016939,Brighton and Hove 010D,-8,Does not apply,0
E01016939,Brighton and Hove 010D,1,Household is not deprived in any dimension,386
E01016939,Brighton and Hove 010D,2,Household is deprived in one dimension,156
E01016939,Brighton and Hove 010D,3,Household is deprived in two dimensions,38
E01016939,Brighton and Hove 010D,4,Household is deprived in three dimensions,8
E01016939,Brighton and Hove 010D,5,Household is deprived in four dimensions,0
E01016940,Brighton and Hove 010E,-8,Does not apply,0
E01016940,Brighton and Hove 010E,1,Household is not deprived in any dimension,385
E01016940,Brighton and Hove 010E,2,Household is deprived in one dimension,155
E01016940,Brighton and Hove 010E,3,Household is deprived in two dimensions,47
E01016940,Brighton and Hove 010E,4,Household is deprived in three dimensions,11
E01016940,Brighton and Hove 010E,5,Household is deprived in four dimensions,0
E01016941,Brighton and Hove 030A,-8,Does not apply,0
E01016941,Brighton and Hove 030A,1,Household is not deprived in any dimension,392
E01016941,Brighton and Hove 030A,2,Household is deprived in one dimension,387
E01016941,Brighton and Hove 030A,3,Household is deprived in two dimensions,214
E01016941,Brighton and Hove 030A,4,Household is deprived in three dimensions,96
E01016941,Brighton and Hove 030A,5,Household is deprived in four dimensions,14
E01016942,Brighton and Hove 031C,-8,Does not apply,0
E01016942,Brighton and Hove 031C,1,Household is not deprived in any dimension,189
E01016942,Brighton and Hove 031C,2,Household is deprived in one dimension,353
E01016942,Brighton and Hove 031C,3,Household is deprived in two dimensions,336
E01016942,Brighton and Hove 031C,4,Household is deprived in three dimensions,141
E01016942,Brighton and Hove 031C,5,Household is deprived in four dimensions,19
E01016943,Brighton and Hove 031D,-8,Does not apply,0
E01016943,Brighton and Hove 031D,1,Household is not deprived in any dimension,370
E01016943,Brighton and Hove 031D,2,Household is deprived in one dimension,208
E01016943,Brighton and Hove 031D,3,Household is deprived in two dimensions,81
E01016943,Brighton and Hove 031D,4,Household is deprived in three dimensions,15
E01016943,Brighton and Hove 031D,5,Household is deprived in four dimensions,0
E01016944,Brighton and Hove 031E,-8,Does not apply,0
E01016944,Brighton and Hove 031E,1,Household is not deprived in any dimension,436
E01016944,Brighton and Hove 031E,2,Household is deprived in one dimension,323
E01016944,Brighton and Hove 031E,3,Household is deprived in two dimensions,91
E01016944,Brighton and Hove 031E,4,Household is deprived in three dimensions,38
E01016944,Brighton and Hove 031E,5,Household is deprived in four dimensions,2
E01016945,Brighton and Hove 030B,-8,Does not apply,0
E01016945,Brighton and Hove 030B,1,Household is not deprived in any dimension,396
E01016945,Brighton and Hove 030B,2,Household is deprived in one dimension,357
E01016945,Brighton and Hove 030B,3,Household is deprived in two dimensions,129
E01016945,Brighton and Hove 030B,4,Household is deprived in three dimensions,47
E01016945,Brighton and Hove 030B,5,Household is deprived in four dimensions,5
E01016946,Brighton and Hove 018E,-8,Does not apply,0
E01016946,Brighton and Hove 018E,1,Household is not deprived in any dimension,315
E01016946,Brighton and Hove 018E,2,Household is deprived in one dimension,206
E01016946,Brighton and Hove 018E,3,Household is deprived in two dimensions,82
E01016946,Brighton and Hove 018E,4,Household is deprived in three dimensions,11
E01016946,Brighton and Hove 018E,5,Household is deprived in four dimensions,2
E01016947,Brighton and Hove 030C,-8,Does not apply,0
E01016947,Brighton and Hove 030C,1,Household is not deprived in any dimension,295
E01016947,Brighton and Hove 030C,2,Household is deprived in one dimension,326
E01016947,Brighton and Hove 030C,3,Household is deprived in two dimensions,244
E01016947,Brighton and Hove 030C,4,Household is deprived in three dimensions,100
E01016947,Brighton and Hove 030C,5,Household is deprived in four dimensions,12
E01016948,Brighton and Hove 030D,-8,Does not apply,0
E01016948,Brighton and Hove 030D,1,Household is not deprived in any dimension,355
E01016948,Brighton and Hove 030D,2,Household is deprived in one dimension,247
E01016948,Brighton and Hove 030D,3,Household is deprived in two dimensions,118
E01016948,Brighton and Hove 030D,4,Household is deprived in three dimensions,44
E01016948,Brighton and Hove 030D,5,Household is deprived in four dimensions,2
E01016949,Brighton and Hove 030E,-8,Does not apply,0
E01016949,Brighton and Hove 030E,1,Household is not deprived in any dimension,330
E01016949,Brighton and Hove 030E,2,Household is deprived in one dimension,282
E01016949,Brighton and Hove 030E,3,Household is deprived in two dimensions,184
E01016949,Brighton and Hove 030E,4,Household is deprived in three dimensions,102
E01016949,Brighton and Hove 030E,5,Household is deprived in four dimensions,12
E01016950,Brighton and Hove 024B,-8,Does not apply,0
E01016950,Brighton and Hove 024B,1,Household is not deprived in any dimension,509
E01016950,Brighton and Hove 024B,2,Household is deprived in one dimension,347
E01016950,Brighton and Hove 024B,3,Household is deprived in two dimensions,131
E01016950,Brighton and Hove 024B,4,Household is deprived in three dimensions,31
E01016950,Brighton and Hove 024B,5,Household is deprived in four dimensions,5
E01016951,Brighton and Hove 024C,-8,Does not apply,0
E01016951,Brighton and Hove 024C,1,Household is not deprived in any dimension,374
E01016951,Brighton and Hove 024C,2,Household is deprived in one dimension,336
E01016951,Brighton and Hove 024C,3,Household is deprived in two dimensions,132
E01016951,Brighton and Hove 024C,4,Household is deprived in three dimensions,56
E01016951,Brighton and Hove 024C,5,Household is deprived in four dimensions,3
E01016952,Brighton and Hove 027A,-8,Does not apply,0
E01016952,Brighton and Hove 027A,1,Household is not deprived in any dimension,394
E01016952,Brighton and Hove 027A,2,Household is deprived in one dimension,343
E01016952,Brighton and Hove 027A,3,Household is deprived in two dimensions,116
E01016952,Brighton and Hove 027A,4,Household is deprived in three dimensions,47
E01016952,Brighton and Hove 027A,5,Household is deprived in four dimensions,4
E01016953,Brighton and Hove 027B,-8,Does not apply,0
E01016953,Brighton and Hove 027B,1,Household is not deprived in any dimension,436
E01016953,Brighton and Hove 027B,2,Household is deprived in one dimension,251
E01016953,Brighton and Hove 027B,3,Household is deprived in two dimensions,89
E01016953,Brighton and Hove 027B,4,Household is deprived in three dimensions,21
E01016953,Brighton and Hove 027B,5,Household is deprived in four dimensions,1
E01016954,Brighton and Hove 029D,-8,Does not apply,0
E01016954,Brighton and Hove 029D,1,Household is not deprived in any dimension,399
E01016954,Brighton and Hove 029D,2,Household is deprived in one dimension,355
E01016954,Brighton and Hove 029D,3,Household is deprived in two dimensions,149
E01016954,Brighton and Hove 029D,4,Household is deprived in three dimensions,61
E01016954,Brighton and Hove 029D,5,Household is deprived in four dimensions,6
E01016955,Brighton and Hove 029E,-8,Does not apply,0
E01016955,Brighton and Hove 029E,1,Household is not deprived in any dimension,428
E01016955,Brighton and Hove 029E,2,Household is deprived in one dimension,332
E01016955,Brighton and Hove 029E,3,Household is deprived in two dimensions,132
E01016955,Brighton and Hove 029E,4,Household is deprived in three dimensions,35
E01016955,Brighton and Hove 029E,5,Household is deprived in four dimensions,10
E01016956,Brighton and Hove 033A,-8,Does not apply,0
E01016956,Brighton and Hove 033A,1,Household is not deprived in any dimension,373
E01016956,Brighton and Hove 033A,2,Household is deprived in one dimension,263
E01016956,Brighton and Hove 033A,3,Household is deprived in two dimensions,65
E01016956,Brighton and Hove 033A,4,Household is deprived in three dimensions,14
E01016956,Brighton and Hove 033A,5,Household is deprived in four dimensions,1
E01016957,Brighton and Hove 032C,-8,Does not apply,0
E01016957,Brighton and Hove 032C,1,Household is not deprived in any dimension,621
E01016957,Brighton and Hove 032C,2,Household is deprived in one dimension,330
E01016957,Brighton and Hove 032C,3,Household is deprived in two dimensions,97
E01016957,Brighton and Hove 032C,4,Household is deprived in three dimensions,17
E01016957,Brighton and Hove 032C,5,Household is deprived in four dimensions,1
E01016958,Brighton and Hove 033B,-8,Does not apply,0
E01016958,Brighton and Hove 033B,1,Household is not deprived in any dimension,421
E01016958,Brighton and Hove 033B,2,Household is deprived in one dimension,289
E01016958,Brighton and Hove 033B,3,Household is deprived in two dimensions,110
E01016958,Brighton and Hove 033B,4,Household is deprived in three dimensions,17
E01016958,Brighton and Hove 033B,5,Household is deprived in four dimensions,4
E01016959,Brighton and Hove 033C,-8,Does not apply,0
E01016959,Brighton and Hove 033C,1,Household is not deprived in any dimension,361
E01016959,Brighton and Hove 033C,2,Household is deprived in one dimension,227
E01016959,Brighton and Hove 033C,3,Household is deprived in two dimensions,56
E01016959,Brighton and Hove 033C,4,Household is deprived in three dimensions,9
E01016959,Brighton and Hove 033C,5,Household is deprived in four dimensions,0
E01016960,Brighton and Hove 033D,-8,Does not apply,0
E01016960,Brighton and Hove 033D,1,Household is not deprived in any dimension,444
E01016960,Brighton and Hove 033D,2,Household is deprived in one dimension,274
E01016960,Brighton and Hove 033D,3,Household is deprived in two dimensions,76
E01016960,Brighton and Hove 033D,4,Household is deprived in three dimensions,17
E01016960,Brighton and Hove 033D,5,Household is deprived in four dimensions,4
E01016961,Brighton and Hove 033E,-8,Does not apply,0
E01016961,Brighton and Hove 033E,1,Household is not deprived in any dimension,475
E01016961,Brighton and Hove 033E,2,Household is deprived in one dimension,301
E01016961,Brighton and Hove 033E,3,Household is deprived in two dimensions,97
E01016961,Brighton and Hove 033E,4,Household is deprived in three dimensions,20
E01016961,Brighton and Hove 033E,5,Household is deprived in four dimensions,1
E01016962,Brighton and Hove 033F,-8,Does not apply,0
E01016962,Brighton and Hove 033F,1,Household is not deprived in any dimension,393
E01016962,Brighton and Hove 033F,2,Household is deprived in one dimension,268
E01016962,Brighton and Hove 033F,3,Household is deprived in two dimensions,65
E01016962,Brighton and Hove 033F,4,Household is deprived in three dimensions,9
E01016962,Brighton and Hove 033F,5,Household is deprived in four dimensions,0
E01016963,Brighton and Hove 032D,-8,Does not apply,0
E01016963,Brighton and Hove 032D,1,Household is not deprived in any dimension,549
E01016963,Brighton and Hove 032D,2,Household is deprived in one dimension,332
E01016963,Brighton and Hove 032D,3,Household is deprived in two dimensions,94
E01016963,Brighton and Hove 032D,4,Household is deprived in three dimensions,28
E01016963,Brighton and Hove 032D,5,Household is deprived in four dimensions,1
E01016964,Brighton and Hove 027C,-8,Does not apply,0
E01016964,Brighton and Hove 027C,1,Household is not deprived in any dimension,463
E01016964,Brighton and Hove 027C,2,Household is deprived in one dimension,400
E01016964,Brighton and Hove 027C,3,Household is deprived in two dimensions,227
E01016964,Brighton and Hove 027C,4,Household is deprived in three dimensions,93
E01016964,Brighton and Hove 027C,5,Household is deprived in four dimensions,16
E01016966,Brighton and Hove 015B,-8,Does not apply,0
E01016966,Brighton and Hove 015B,1,Household is not deprived in any dimension,338
E01016966,Brighton and Hove 015B,2,Household is deprived in one dimension,223
E01016966,Brighton and Hove 015B,3,Household is deprived in two dimensions,145
E01016966,Brighton and Hove 015B,4,Household is deprived in three dimensions,39
E01016966,Brighton and Hove 015B,5,Household is deprived in four dimensions,7
E01016967,Brighton and Hove 024D,-8,Does not apply,0
E01016967,Brighton and Hove 024D,1,Household is not deprived in any dimension,496
E01016967,Brighton and Hove 024D,2,Household is deprived in one dimension,359
E01016967,Brighton and Hove 024D,3,Household is deprived in two dimensions,133
E01016967,Brighton and Hove 024D,4,Household is deprived in three dimensions,35
E01016967,Brighton and Hove 024D,5,Household is deprived in four dimensions,13
E01016968,Brighton and Hove 024E,-8,Does not apply,0
E01016968,Brighton and Hove 024E,1,Household is not deprived in any dimension,414
E01016968,Brighton and Hove 024E,2,Household is deprived in one dimension,255
E01016968,Brighton and Hove 024E,3,Household is deprived in two dimensions,125
E01016968,Brighton and Hove 024E,4,Household is deprived in three dimensions,44
E01016968,Brighton and Hove 024E,5,Household is deprived in four dimensions,4
E01016969,Brighton and Hove 027E,-8,Does not apply,0
E01016969,Brighton and Hove 027E,1,Household is not deprived in any dimension,489
E01016969,Brighton and Hove 027E,2,Household is deprived in one dimension,292
E01016969,Brighton and Hove 027E,3,Household is deprived in two dimensions,139
E01016969,Brighton and Hove 027E,4,Household is deprived in three dimensions,43
E01016969,Brighton and Hove 027E,5,Household is deprived in four dimensions,5
E01016970,Brighton and Hove 015C,-8,Does not apply,0
E01016970,Brighton and Hove 015C,1,Household is not deprived in any dimension,384
E01016970,Brighton and Hove 015C,2,Household is deprived in one dimension,219
E01016970,Brighton and Hove 015C,3,Household is deprived in two dimensions,85
E01016970,Brighton and Hove 015C,4,Household is deprived in three dimensions,24
E01016970,Brighton and Hove 015C,5,Household is deprived in four dimensions,3
E01016971,Brighton and Hove 015D,-8,Does not apply,0
E01016971,Brighton and Hove 015D,1,Household is not deprived in any dimension,313
E01016971,Brighton and Hove 015D,2,Household is deprived in one dimension,255
E01016971,Brighton and Hove 015D,3,Household is deprived in two dimensions,140
E01016971,Brighton and Hove 015D,4,Household is deprived in three dimensions,22
E01016971,Brighton and Hove 015D,5,Household is deprived in four dimensions,5
E01016972,Brighton and Hove 015E,-8,Does not apply,0
E01016972,Brighton and Hove 015E,1,Household is not deprived in any dimension,445
E01016972,Brighton and Hove 015E,2,Household is deprived in one dimension,228
E01016972,Brighton and Hove 015E,3,Household is deprived in two dimensions,94
E01016972,Brighton and Hove 015E,4,Household is deprived in three dimensions,24
E01016972,Brighton and Hove 015E,5,Household is deprived in four dimensions,2
E01016973,Brighton and Hove 012C,-8,Does not apply,0
E01016973,Brighton and Hove 012C,1,Household is not deprived in any dimension,289
E01016973,Brighton and Hove 012C,2,Household is deprived in one dimension,235
E01016973,Brighton and Hove 012C,3,Household is deprived in two dimensions,91
E01016973,Brighton and Hove 012C,4,Household is deprived in three dimensions,26
E01016973,Brighton and Hove 012C,5,Household is deprived in four dimensions,2
E01016974,Brighton and Hove 021A,-8,Does not apply,0
E01016974,Brighton and Hove 021A,1,Household is not deprived in any dimension,414
E01016974,Brighton and Hove 021A,2,Household is deprived in one dimension,237
E01016974,Brighton and Hove 021A,3,Household is deprived in two dimensions,102
E01016974,Brighton and Hove 021A,4,Household is deprived in three dimensions,26
E01016974,Brighton and Hove 021A,5,Household is deprived in four dimensions,3
E01016975,Brighton and Hove 021B,-8,Does not apply,0
E01016975,Brighton and Hove 021B,1,Household is not deprived in any dimension,261
E01016975,Brighton and Hove 021B,2,Household is deprived in one dimension,209
E01016975,Brighton and Hove 021B,3,Household is deprived in two dimensions,113
E01016975,Brighton and Hove 021B,4,Household is deprived in three dimensions,45
E01016975,Brighton and Hove 021B,5,Household is deprived in four dimensions,0
E01016976,Brighton and Hove 013F,-8,Does not apply,0
E01016976,Brighton and Hove 013F,1,Household is not deprived in any dimension,329
E01016976,Brighton and Hove 013F,2,Household is deprived in one dimension,196
E01016976,Brighton and Hove 013F,3,Household is deprived in two dimensions,69
E01016976,Brighton and Hove 013F,4,Household is deprived in three dimensions,9
E01016976,Brighton and Hove 013F,5,Household is deprived in four dimensions,0
E01016977,Brighton and Hove 012D,-8,Does not apply,0
E01016977,Brighton and Hove 012D,1,Household is not deprived in any dimension,287
E01016977,Brighton and Hove 012D,2,Household is deprived in one dimension,214
E01016977,Brighton and Hove 012D,3,Household is deprived in two dimensions,89
E01016977,Brighton and Hove 012D,4,Household is deprived in three dimensions,33
E01016977,Brighton and Hove 012D,5,Household is deprived in four dimensions,1
E01016978,Brighton and Hove 012E,-8,Does not apply,0
E01016978,Brighton and Hove 012E,1,Household is not deprived in any dimension,315
E01016978,Brighton and Hove 012E,2,Household is deprived in one dimension,240
E01016978,Brighton and Hove 012E,3,Household is deprived in two dimensions,140
E01016978,Brighton and Hove 012E,4,Household is deprived in three dimensions,60
E01016978,Brighton and Hove 012E,5,Household is deprived in four dimensions,28
E01016979,Brighton and Hove 016A,-8,Does not apply,0
E01016979,Brighton and Hove 016A,1,Household is not deprived in any dimension,426
E01016979,Brighton and Hove 016A,2,Household is deprived in one dimension,183
E01016979,Brighton and Hove 016A,3,Household is deprived in two dimensions,65
E01016979,Brighton and Hove 016A,4,Household is deprived in three dimensions,8
E01016979,Brighton and Hove 016A,5,Household is deprived in four dimensions,1
E01016980,Brighton and Hove 007A,-8,Does not apply,0
E01016980,Brighton and Hove 007A,1,Household is not deprived in any dimension,366
E01016980,Brighton and Hove 007A,2,Household is deprived in one dimension,190
E01016980,Brighton and Hove 007A,3,Household is deprived in two dimensions,66
E01016980,Brighton and Hove 007A,4,Household is deprived in three dimensions,17
E01016980,Brighton and Hove 007A,5,Household is deprived in four dimensions,1
E01016981,Brighton and Hove 011A,-8,Does not apply,0
E01016981,Brighton and Hove 011A,1,Household is not deprived in any dimension,390
E01016981,Brighton and Hove 011A,2,Household is deprived in one dimension,206
E01016981,Brighton and Hove 011A,3,Household is deprived in two dimensions,46
E01016981,Brighton and Hove 011A,4,Household is deprived in three dimensions,16
E01016981,Brighton and Hove 011A,5,Household is deprived in four dimensions,6
E01016982,Brighton and Hove 007B,-8,Does not apply,0
E01016982,Brighton and Hove 007B,1,Household is not deprived in any dimension,305
E01016982,Brighton and Hove 007B,2,Household is deprived in one dimension,160
E01016982,Brighton and Hove 007B,3,Household is deprived in two dimensions,31
E01016982,Brighton and Hove 007B,4,Household is deprived in three dimensions,5
E01016982,Brighton and Hove 007B,5,Household is deprived in four dimensions,0
E01016983,Brighton and Hove 007C,-8,Does not apply,0
E01016983,Brighton and Hove 007C,1,Household is not deprived in any dimension,358
E01016983,Brighton and Hove 007C,2,Household is deprived in one dimension,137
E01016983,Brighton and Hove 007C,3,Household is deprived in two dimensions,44
E01016983,Brighton and Hove 007C,4,Household is deprived in three dimensions,2
E01016983,Brighton and Hove 007C,5,Household is deprived in four dimensions,0
E01016984,Brighton and Hove 007D,-8,Does not apply,0
E01016984,Brighton and Hove 007D,1,Household is not deprived in any dimension,384
E01016984,Brighton and Hove 007D,2,Household is deprived in one dimension,155
E01016984,Brighton and Hove 007D,3,Household is deprived in two dimensions,36
E01016984,Brighton and Hove 007D,4,Household is deprived in three dimensions,2
E01016984,Brighton and Hove 007D,5,Household is deprived in four dimensions,0
E01016985,Brighton and Hove 007E,-8,Does not apply,0
E01016985,Brighton and Hove 007E,1,Household is not deprived in any dimension,349
E01016985,Brighton and Hove 007E,2,Household is deprived in one dimension,216
E01016985,Brighton and Hove 007E,3,Household is deprived in two dimensions,44
E01016985,Brighton and Hove 007E,4,Household is deprived in three dimensions,7
E01016985,Brighton and Hove 007E,5,Household is deprived in four dimensions,1
E01016986,Brighton and Hove 028D,-8,Does not apply,0
E01016986,Brighton and Hove 028D,1,Household is not deprived in any dimension,395
E01016986,Brighton and Hove 028D,2,Household is deprived in one dimension,269
E01016986,Brighton and Hove 028D,3,Household is deprived in two dimensions,115
E01016986,Brighton and Hove 028D,4,Household is deprived in three dimensions,49
E01016986,Brighton and Hove 028D,5,Household is deprived in four dimensions,8
E01016987,Brighton and Hove 023A,-8,Does not apply,0
E01016987,Brighton and Hove 023A,1,Household is not deprived in any dimension,393
E01016987,Brighton and Hove 023A,2,Household is deprived in one dimension,247
E01016987,Brighton and Hove 023A,3,Household is deprived in two dimensions,89
E01016987,Brighton and Hove 023A,4,Household is deprived in three dimensions,12
E01016987,Brighton and Hove 023A,5,Household is deprived in four dimensions,2
E01016988,Brighton and Hove 028E,-8,Does not apply,0
E01016988,Brighton and Hove 028E,1,Household is not deprived in any dimension,372
E01016988,Brighton and Hove 028E,2,Household is deprived in one dimension,259
E01016988,Brighton and Hove 028E,3,Household is deprived in two dimensions,83
E01016988,Brighton and Hove 028E,4,Household is deprived in three dimensions,29
E01016988,Brighton and Hove 028E,5,Household is deprived in four dimensions,5
E01016989,Brighton and Hove 023B,-8,Does not apply,0
E01016989,Brighton and Hove 023B,1,Household is not deprived in any dimension,398
E01016989,Brighton and Hove 023B,2,Household is deprived in one dimension,199
E01016989,Brighton and Hove 023B,3,Household is deprived in two dimensions,68
E01016989,Brighton and Hove 023B,4,Household is deprived in three dimensions,25
E01016989,Brighton and Hove 023B,5,Household is deprived in four dimensions,3
E01016990,Brighton and Hove 016B,-8,Does not apply,0
E01016990,Brighton and Hove 016B,1,Household is not deprived in any dimension,413
E01016990,Brighton and Hove 016B,2,Household is deprived in one dimension,220
E01016990,Brighton and Hove 016B,3,Household is deprived in two dimensions,95
E01016990,Brighton and Hove 016B,4,Household is deprived in three dimensions,32
E01016990,Brighton and Hove 016B,5,Household is deprived in four dimensions,1
E01016991,Brighton and Hove 016C,-8,Does not apply,0
E01016991,Brighton and Hove 016C,1,Household is not deprived in any dimension,437
E01016991,Brighton and Hove 016C,2,Household is deprived in one dimension,230
E01016991,Brighton and Hove 016C,3,Household is deprived in two dimensions,82
E01016991,Brighton and Hove 016C,4,Household is deprived in three dimensions,18
E01016991,Brighton and Hove 016C,5,Household is deprived in four dimensions,4
E01016992,Brighton and Hove 021C,-8,Does not apply,0
E01016992,Brighton and Hove 021C,1,Household is not deprived in any dimension,412
E01016992,Brighton and Hove 021C,2,Household is deprived in one dimension,221
E01016992,Brighton and Hove 021C,3,Household is deprived in two dimensions,59
E01016992,Brighton and Hove 021C,4,Household is deprived in three dimensions,7
E01016992,Brighton and Hove 021C,5,Household is deprived in four dimensions,0
E01016993,Brighton and Hove 023C,-8,Does not apply,0
E01016993,Brighton and Hove 023C,1,Household is not deprived in any dimension,239
E01016993,Brighton and Hove 023C,2,Household is deprived in one dimension,254
E01016993,Brighton and Hove 023C,3,Household is deprived in two dimensions,178
E01016993,Brighton and Hove 023C,4,Household is deprived in three dimensions,71
E01016993,Brighton and Hove 023C,5,Household is deprived in four dimensions,5
E01016994,Brighton and Hove 021D,-8,Does not apply,0
E01016994,Brighton and Hove 021D,1,Household is not deprived in any dimension,413
E01016994,Brighton and Hove 021D,2,Household is deprived in one dimension,236
E01016994,Brighton and Hove 021D,3,Household is deprived in two dimensions,79
E01016994,Brighton and Hove 021D,4,Household is deprived in three dimensions,20
E01016994,Brighton and Hove 021D,5,Household is deprived in four dimensions,4
E01016995,Brighton and Hove 023D,-8,Does not apply,0
E01016995,Brighton and Hove 023D,1,Household is not deprived in any dimension,373
E01016995,Brighton and Hove 023D,2,Household is deprived in one dimension,192
E01016995,Brighton and Hove 023D,3,Household is deprived in two dimensions,57
E01016995,Brighton and Hove 023D,4,Household is deprived in three dimensions,11
E01016995,Brighton and Hove 023D,5,Household is deprived in four dimensions,0
E01016996,Brighton and Hove 016D,-8,Does not apply,0
E01016996,Brighton and Hove 016D,1,Household is not deprived in any dimension,480
E01016996,Brighton and Hove 016D,2,Household is deprived in one dimension,188
E01016996,Brighton and Hove 016D,3,Household is deprived in two dimensions,64
E01016996,Brighton and Hove 016D,4,Household is deprived in three dimensions,16
E01016996,Brighton and Hove 016D,5,Household is deprived in four dimensions,1
E01016997,Brighton and Hove 021E,-8,Does not apply,0
E01016997,Brighton and Hove 021E,1,Household is not deprived in any dimension,386
E01016997,Brighton and Hove 021E,2,Household is deprived in one dimension,206
E01016997,Brighton and Hove 021E,3,Household is deprived in two dimensions,66
E01016997,Brighton and Hove 021E,4,Household is deprived in three dimensions,4
E01016997,Brighton and Hove 021E,5,Household is deprived in four dimensions,0
E01016998,Brighton and Hove 003C,-8,Does not apply,0
E01016998,Brighton and Hove 003C,1,Household is not deprived in any dimension,361
E01016998,Brighton and Hove 003C,2,Household is deprived in one dimension,182
E01016998,Brighton and Hove 003C,3,Household is deprived in two dimensions,38
E01016998,Brighton and Hove 003C,4,Household is deprived in three dimensions,2
E01016998,Brighton and Hove 003C,5,Household is deprived in four dimensions,0
E01016999,Brighton and Hove 003D,-8,Does not apply,0
E01016999,Brighton and Hove 003D,1,Household is not deprived in any dimension,367
E01016999,Brighton and Hove 003D,2,Household is deprived in one dimension,172
E01016999,Brighton and Hove 003D,3,Household is deprived in two dimensions,55
E01016999,Brighton and Hove 003D,4,Household is deprived in three dimensions,5
E01016999,Brighton and Hove 003D,5,Household is deprived in four dimensions,0
E01017000,Brighton and Hove 003E,-8,Does not apply,0
E01017000,Brighton and Hove 003E,1,Household is not deprived in any dimension,444
E01017000,Brighton and Hove 003E,2,Household is deprived in one dimension,289
E01017000,Brighton and Hove 003E,3,Household is deprived in two dimensions,102
E01017000,Brighton and Hove 003E,4,Household is deprived in three dimensions,18
E01017000,Brighton and Hove 003E,5,Household is deprived in four dimensions,0
E01017001,Brighton and Hove 004C,-8,Does not apply,0
E01017001,Brighton and Hove 004C,1,Household is not deprived in any dimension,355
E01017001,Brighton and Hove 004C,2,Household is deprived in one dimension,182
E01017001,Brighton and Hove 004C,3,Household is deprived in two dimensions,49
E01017001,Brighton and Hove 004C,4,Household is deprived in three dimensions,8
E01017001,Brighton and Hove 004C,5,Household is deprived in four dimensions,1
E01017002,Brighton and Hove 011B,-8,Does not apply,0
E01017002,Brighton and Hove 011B,1,Household is not deprived in any dimension,437
E01017002,Brighton and Hove 011B,2,Household is deprived in one dimension,243
E01017002,Brighton and Hove 011B,3,Household is deprived in two dimensions,60
E01017002,Brighton and Hove 011B,4,Household is deprived in three dimensions,8
E01017002,Brighton and Hove 011B,5,Household is deprived in four dimensions,0
E01017003,Brighton and Hove 004D,-8,Does not apply,0
E01017003,Brighton and Hove 004D,1,Household is not deprived in any dimension,408
E01017003,Brighton and Hove 004D,2,Household is deprived in one dimension,206
E01017003,Brighton and Hove 004D,3,Household is deprived in two dimensions,61
E01017003,Brighton and Hove 004D,4,Household is deprived in three dimensions,16
E01017003,Brighton and Hove 004D,5,Household is deprived in four dimensions,0
E01017004,Brighton and Hove 011C,-8,Does not apply,0
E01017004,Brighton and Hove 011C,1,Household is not deprived in any dimension,416
E01017004,Brighton and Hove 011C,2,Household is deprived in one dimension,238
E01017004,Brighton and Hove 011C,3,Household is deprived in two dimensions,85
E01017004,Brighton and Hove 011C,4,Household is deprived in three dimensions,32
E01017004,Brighton and Hove 011C,5,Household is deprived in four dimensions,6
E01017005,Brighton and Hove 011D,-8,Does not apply,0
E01017005,Brighton and Hove 011D,1,Household is not deprived in any dimension,443
E01017005,Brighton and Hove 011D,2,Household is deprived in one dimension,193
E01017005,Brighton and Hove 011D,3,Household is deprived in two dimensions,59
E01017005,Brighton and Hove 011D,4,Household is deprived in three dimensions,10
E01017005,Brighton and Hove 011D,5,Household is deprived in four dimensions,1
E01017006,Brighton and Hove 011E,-8,Does not apply,0
E01017006,Brighton and Hove 011E,1,Household is not deprived in any dimension,481
E01017006,Brighton and Hove 011E,2,Household is deprived in one dimension,219
E01017006,Brighton and Hove 011E,3,Household is deprived in two dimensions,53
E01017006,Brighton and Hove 011E,4,Household is deprived in three dimensions,12
E01017006,Brighton and Hove 011E,5,Household is deprived in four dimensions,1
E01017007,Brighton and Hove 017A,-8,Does not apply,0
E01017007,Brighton and Hove 017A,1,Household is not deprived in any dimension,222
E01017007,Brighton and Hove 017A,2,Household is deprived in one dimension,241
E01017007,Brighton and Hove 017A,3,Household is deprived in two dimensions,141
E01017007,Brighton and Hove 017A,4,Household is deprived in three dimensions,41
E01017007,Brighton and Hove 017A,5,Household is deprived in four dimensions,7
E01017008,Brighton and Hove 017B,-8,Does not apply,0
E01017008,Brighton and Hove 017B,1,Household is not deprived in any dimension,318
E01017008,Brighton and Hove 017B,2,Household is deprived in one dimension,276
E01017008,Brighton and Hove 017B,3,Household is deprived in two dimensions,93
E01017008,Brighton and Hove 017B,4,Household is deprived in three dimensions,13
E01017008,Brighton and Hove 017B,5,Household is deprived in four dimensions,0
E01017009,Brighton and Hove 017C,-8,Does not apply,0
E01017009,Brighton and Hove 017C,1,Household is not deprived in any dimension,280
E01017009,Brighton and Hove 017C,2,Household is deprived in one dimension,222
E01017009,Brighton and Hove 017C,3,Household is deprived in two dimensions,94
E01017009,Brighton and Hove 017C,4,Household is deprived in three dimensions,19
E01017009,Brighton and Hove 017C,5,Household is deprived in four dimensions,0
E01017010,Brighton and Hove 017D,-8,Does not apply,0
E01017010,Brighton and Hove 017D,1,Household is not deprived in any dimension,338
E01017010,Brighton and Hove 017D,2,Household is deprived in one dimension,277
E01017010,Brighton and Hove 017D,3,Household is deprived in two dimensions,84
E01017010,Brighton and Hove 017D,4,Household is deprived in three dimensions,11
E01017010,Brighton and Hove 017D,5,Household is deprived in four dimensions,1
E01017011,Brighton and Hove 017E,-8,Does not apply,0
E01017011,Brighton and Hove 017E,1,Household is not deprived in any dimension,176
E01017011,Brighton and Hove 017E,2,Household is deprived in one dimension,193
E01017011,Brighton and Hove 017E,3,Household is deprived in two dimensions,120
E01017011,Brighton and Hove 017E,4,Household is deprived in three dimensions,32
E01017011,Brighton and Hove 017E,5,Household is deprived in four dimensions,4
E01017012,Brighton and Hove 017F,-8,Does not apply,0
E01017012,Brighton and Hove 017F,1,Household is not deprived in any dimension,325
E01017012,Brighton and Hove 017F,2,Household is deprived in one dimension,234
E01017012,Brighton and Hove 017F,3,Household is deprived in two dimensions,107
E01017012,Brighton and Hove 017F,4,Household is deprived in three dimensions,40
E01017012,Brighton and Hove 017F,5,Household is deprived in four dimensions,5
E01033328,Brighton and Hove 027F,-8,Does not apply,0
E01033328,Brighton and Hove 027F,1,Household is not deprived in any dimension,341
E01033328,Brighton and Hove 027F,2,Household is deprived in one dimension,218
E01033328,Brighton and Hove 027F,3,Household is deprived in two dimensions,89
E01033328,Brighton and Hove 027F,4,Household is deprived in three dimensions,31
E01033328,Brighton and Hove 027F,5,Household is deprived in four dimensions,0
E01033329,Brighton and Hove 027G,-8,Does not apply,0
E01033329,Brighton and Hove 027G,1,Household is not deprived in any dimension,424
E01033329,Brighton and Hove 027G,2,Household is deprived in one dimension,258
E01033329,Brighton and Hove 027G,3,Household is deprived in two dimensions,139
E01033329,Brighton and Hove 027G,4,Household is deprived in three dimensions,28
E01033329,Brighton and Hove 027G,5,Household is deprived in four dimensions,1
